Year,Team,AVG,ERA,WL,Rank
2002,Total,0.263375,4.23875,0.5,4.5
2003,Total,0.268625,4.27,0.5,4.5
2004,Total,0.266375,4.215,0.5,4.5
2005,Total,0.26325,4.22,0.5,4.5
2006,Total,0.255125,3.5825,0.5,4.5
2007,Total,0.262625,3.91,0.5,4.5
2008,Total,0.26675,4.1175,0.5,4.5
2009,Total,0.275375,4.805,0.5,4.5
2010,Total,0.269625,4.58625,0.5,4.5
2011,Total,0.2645,4.14,0.5,4.5
2012,Total,0.25775,3.82125,0.5,4.5
2013,Total,0.2715,4.36375,0.5,4.5
2014,Total,0.29,5.33125,0.5,4.5
